{
	"Id": 0,
	"Name": "ROOT",
	"Active": true,
	"Dynamic": true,
	"Selected": true,
	"UserData": 0,
	"LocalMatrix": [1.0, 0.0, 0.0, 0.0, 0.0, 1.0, 0.0, 0.0, 0.0, 0.0, 1.0, 0.0, 0.0, 0.0, 0.0, 1.0],
	"Type": "Root",
	"Children": [{
			"Id": 1,
			"Name": "Camera_000",
			"Active": true,
			"Dynamic": true,
			"Selected": true,
			"UserData": 0,
			"LocalMatrix": [-0.8637694716453552, -0.000002387911081314087, 0.5038813352584839, 0.0, 0.07629930973052979, 0.988465428352356, 0.13079941272735597, 0.0, -0.4980710744857788, 0.1514267921447754, -0.8538086414337158, 0.0, -0.7423461675643921, 0.9872197508811951, -1.911250352859497, 1.0],
			"Type": "Camera",
			"Up": 0.4142135679721832,
			"Down": -0.4142135679721832,
			"Right": 0.7878747582435608,
			"Left": -0.7878747582435608,
			"Near": 0.10000000149011612,
			"Far": 1000.0,
			"WorldMatrix": [-0.8637694716453552, -0.000002387911081314087, 0.5038813352584839, 0.0, 0.07629930973052979, 0.988465428352356, 0.13079941272735597, 0.0, -0.4980710744857788, 0.1514267921447754, -0.8538086414337158, 0.0, -0.7423461675643921, 0.9872197508811951, -1.911250352859497, 1.0],
			"Orthographic": false,
			"Asymmetrical": false,
			"Infinite": true,
			"Reversed": false,
			"HasGpuBuffer": true,
			"XForms": [{
					"Class": "XForm_FreeCamera",
					"Position": [-0.7423461675643921, 0.9872197508811951, -1.911250352859497],
					"Orientation": [-0.01981627196073532, -0.9625539779663086, -0.07330139726400376, 0.2602327764034271],
					"MaxSpeed": 10.0,
					"MaxSpeedMultiplier": 5.0,
					"AccelerationTime": 0.10000000149011612,
					"RotationInputMultiplier": 0.10000000149011612,
					"RotationDamping": 0.00019999999494757503
				}]
		}, {
			"Id": 2,
			"Name": "Camera_001",
			"Active": true,
			"Dynamic": true,
			"Selected": false,
			"UserData": 0,
			"LocalMatrix": [1.0, 0.0, 0.0, 0.0, 0.0, 1.0, 0.0, 0.0, 0.0, 0.0, 1.0, 0.0, 0.0, 0.0, 10.0, 1.0],
			"Type": "Camera",
			"Up": 0.22169463336467744,
			"Down": -0.22169463336467744,
			"Right": 0.22169463336467744,
			"Left": -0.22169463336467744,
			"Near": 2.0,
			"Far": 16.0,
			"WorldMatrix": [1.0, 0.0, 0.0, 0.0, 0.0, 1.0, 0.0, 0.0, 0.0, 0.0, 1.0, 0.0, 0.0, 0.0, 10.0, 1.0],
			"Orthographic": false,
			"Asymmetrical": false,
			"Infinite": false,
			"Reversed": false,
			"HasGpuBuffer": true,
			"XForms": [{
					"Class": "XForm_FreeCamera",
					"Position": [0.0, 0.0, 10.0],
					"Orientation": [0.0, 0.0, 0.0, 1.0],
					"MaxSpeed": 10.0,
					"MaxSpeedMultiplier": 5.0,
					"AccelerationTime": 0.10000000149011612,
					"RotationInputMultiplier": 0.10000000149011612,
					"RotationDamping": 0.00019999999494757503
				}]
		}],
	"DrawCameraId": 1,
	"CullCameraId": 1
}